"id","email","name","gender","status","created_at","updated_at"
2737,"prof_mukhopadhyay_jasya@hegmann-mueller.info","Prof. Jaya Mukhopad","female","active","2022-02-19T15:45:06.321Z","2022-02-20T03:15:25.086Z"
2731,"gouranga_patel@mosciski-friesen.net","Gouranga Patel","male","active","2022-02-19T15:45:06.325Z",
2730,"agnimitra_mukhopadhyay@schinner-maggio.org","Agnimitra Mukhopadhyay","female","inactive","2022-02-19T15:45:06.326Z",
2729,"adheesh_prajapat@marks.biz","Adheesh Prajapat","female","active","2022-02-19T15:45:06.326Z",
2727,"bhattacharya_bhagirathi_rep@yost.org","Rep. Bhagirathi Bhattacharya","male","active","2022-02-19T15:45:06.327Z",
2726,"amaresh_saini_phd@carter-friesen.name","Amaresh Saini PhD","female","inactive","2022-02-19T15:45:06.328Z",
2725,"johar_swarnalata_rep@hessel-balistreri.com","Rep. Swarnalata Johar","male","inactive","2022-02-19T15:45:06.329Z",
2723,"deepali_dhawan@wyman-boyer.net","Deepali Dhawan","male","active","2022-02-19T15:45:06.329Z",
2722,"rageshwari_chopra@reichel.net","Rageshwari Chopra","female","inactive","2022-02-19T15:45:06.330Z",
2721,"guru_khan@lebsack-lang.co","Guru Khan","female","active","2022-02-19T15:45:06.331Z",
2720,"trilokanath_i_patel@zieme.name","Trilokanath Patel I","male","inactive","2022-02-19T15:45:06.332Z",
2719,"chandranath_bhattathiri@berge.co","Chandranath Bhattathiri","male","inactive","2022-02-19T15:45:06.332Z",
2718,"johar_msgr_advaya@ruecker-kuhn.net","Msgr. Advaya Johar","male","active","2022-02-19T15:45:06.333Z",
2717,"devar_akshayakeerti@ruecker.io","Akshayakeerti Devar","male","active","2022-02-19T15:45:06.333Z",
2715,"bandopadhyay_brajesh@kerluke.biz","Brajesh Bandopadhyay","male","inactive","2022-02-19T15:45:06.334Z",
2714,"naik_mohan@rodriguez.org","Mohan Naik","female","active","2022-02-19T15:45:06.334Z",
2713,"chitrali_fr_johar@mckenzie.name","Fr. Chitrali Johar","female","inactive","2022-02-19T15:45:06.335Z",
2712,"shukla_brahmdev@christiansen.info","Brahmdev Shukla","male","active","2022-02-19T15:45:06.335Z",
2711,"brahmanandam_gandhi@schuppe.org","Brahmanandam Gandhi","female","inactive","2022-02-19T15:45:06.336Z",
2710,"subhash_pilla@wilkinson.io","Subhash Pilla","male","active","2022-02-19T15:45:06.337Z",